run_id,date,owner,model,approach,input_representation,data_split,preprocessing,hyperparameters,change_from_previous,val_rmse,observation,environment
rnn-01,2026-09-29,Honourgod Kilechukwu Levison,rnn,Embedding -> SimpleRNN -> Dense(1) with linear output (Keras),"TextVectorization token IDs (no standardization, split on whitespace): vocabulary 5666, max_len 28, end-padded and masked",shared splits/train_ids.csv + splits/validation_ids.csv,prepare_series() from src/preprocess.py: the shared cleaning chosen in notebook 01 from the EDA,"{""batch_size"": 64, ""best_epoch"": 1, ""dropout"": 0.2, ""early_stopping"": ""val_loss on the shared validation set, patience 3, best weights restored"", ""embedding_dim"": 64, ""epochs_run"": 4, ""learning_rate"": 0.001, ""loss"": ""mse"", ""max_epochs"": 30, ""max_len"": 28, ""max_tokens"": 5666, ""min_count"": 2, ""optimizer"": ""adam"", ""params"": 370945, ""seed"": 42, ""standardize"": ""none (prepare_series already cleans the text)"", ""train_rmse_at_best_epoch"": 0.6264, ""train_seconds"": 13.5, ""units"": 64}",Baseline: the settings in section 5.,0.586566,"Baseline beats the constant prediction (0.6459) by a real margin, but validation loss stops improving after one epoch, a pattern round 2 finds across nearly every setting tried.",Python 3.13.14; numpy 2.5.3; pandas 3.0.6; scikit-learn 1.9.1; tensorflow 2.21.0; keras 3.15.1; GPU NVIDIA GeForce RTX 3060 Laptop GPU
rnn-02,2026-09-29,Honourgod Kilechukwu Levison,rnn,Embedding -> SimpleRNN -> Dense(1) with linear output (Keras),"TextVectorization token IDs (no standardization, split on whitespace): vocabulary 5666, max_len 24, end-padded and masked",shared splits/train_ids.csv + splits/validation_ids.csv,prepare_series() from src/preprocess.py: the shared cleaning chosen in notebook 01 from the EDA,"{""batch_size"": 64, ""best_epoch"": 1, ""dropout"": 0.2, ""early_stopping"": ""val_loss on the shared validation set, patience 3, best weights restored"", ""embedding_dim"": 64, ""epochs_run"": 4, ""learning_rate"": 0.001, ""loss"": ""mse"", ""max_epochs"": 30, ""max_len"": 24, ""max_tokens"": 5666, ""min_count"": 2, ""optimizer"": ""adam"", ""params"": 370945, ""seed"": 42, ""standardize"": ""none (prepare_series already cleans the text)"", ""train_rmse_at_best_epoch"": 0.626, ""train_seconds"": 12.6, ""units"": 64}",Shorter sequences (p90): do the last few tokens of the longest tweets matter?,0.587984,"Shortening the sequence to 24 tokens scores about the same as the baseline, so the tail of tweets between 24 and 28 tokens carries little useful signal.",Python 3.13.14; numpy 2.5.3; pandas 3.0.6; scikit-learn 1.9.1; tensorflow 2.21.0; keras 3.15.1; GPU NVIDIA GeForce RTX 3060 Laptop GPU
rnn-03,2026-09-29,Honourgod Kilechukwu Levison,rnn,Embedding -> SimpleRNN -> Dense(1) with linear output (Keras),"TextVectorization token IDs (no standardization, split on whitespace): vocabulary 5666, max_len 48, end-padded and masked",shared splits/train_ids.csv + splits/validation_ids.csv,prepare_series() from src/preprocess.py: the shared cleaning chosen in notebook 01 from the EDA,"{""batch_size"": 64, ""best_epoch"": 1, ""dropout"": 0.2, ""early_stopping"": ""val_loss on the shared validation set, patience 3, best weights restored"", ""embedding_dim"": 64, ""epochs_run"": 4, ""learning_rate"": 0.001, ""loss"": ""mse"", ""max_epochs"": 30, ""max_len"": 48, ""max_tokens"": 5666, ""min_count"": 2, ""optimizer"": ""adam"", ""params"": 370945, ""seed"": 42, ""standardize"": ""none (prepare_series already cleans the text)"", ""train_rmse_at_best_epoch"": 0.6269, ""train_seconds"": 16.0, ""units"": 64}",No truncation (longest training tweet): does keeping every token help?,0.587074,"Removing truncation entirely also scores about the same as the baseline, confirming that sequence length in this range makes little practical difference here.",Python 3.13.14; numpy 2.5.3; pandas 3.0.6; scikit-learn 1.9.1; tensorflow 2.21.0; keras 3.15.1; GPU NVIDIA GeForce RTX 3060 Laptop GPU
rnn-04,2026-09-29,Honourgod Kilechukwu Levison,rnn,Embedding -> SimpleRNN -> Dense(1) with linear output (Keras),"TextVectorization token IDs (no standardization, split on whitespace): vocabulary 5666, max_len 28, end-padded and masked",shared splits/train_ids.csv + splits/validation_ids.csv,prepare_series() from src/preprocess.py: the shared cleaning chosen in notebook 01 from the EDA,"{""batch_size"": 64, ""best_epoch"": 1, ""dropout"": 0.2, ""early_stopping"": ""val_loss on the shared validation set, patience 3, best weights restored"", ""embedding_dim"": 32, ""epochs_run"": 4, ""learning_rate"": 0.001, ""loss"": ""mse"", ""max_epochs"": 30, ""max_len"": 28, ""max_tokens"": 5666, ""min_count"": 2, ""optimizer"": ""adam"", ""params"": 187585, ""seed"": 42, ""standardize"": ""none (prepare_series already cleans the text)"", ""train_rmse_at_best_epoch"": 0.6242, ""train_seconds"": 11.6, ""units"": 64}",Smaller word vectors: less capacity and less room to overfit a small training set.,0.585477,"The smallest improvement in round 1, though still inside NOISE; chosen as the final configuration in round 2 for having the fewest parameters among the near-best runs.",Python 3.13.14; numpy 2.5.3; pandas 3.0.6; scikit-learn 1.9.1; tensorflow 2.21.0; keras 3.15.1; GPU NVIDIA GeForce RTX 3060 Laptop GPU
rnn-05,2026-09-29,Honourgod Kilechukwu Levison,rnn,Embedding -> SimpleRNN -> Dense(1) with linear output (Keras),"TextVectorization token IDs (no standardization, split on whitespace): vocabulary 5666, max_len 28, end-padded and masked",shared splits/train_ids.csv + splits/validation_ids.csv,prepare_series() from src/preprocess.py: the shared cleaning chosen in notebook 01 from the EDA,"{""batch_size"": 64, ""best_epoch"": 1, ""dropout"": 0.2, ""early_stopping"": ""val_loss on the shared validation set, patience 3, best weights restored"", ""embedding_dim"": 128, ""epochs_run"": 4, ""learning_rate"": 0.001, ""loss"": ""mse"", ""max_epochs"": 30, ""max_len"": 28, ""max_tokens"": 5666, ""min_count"": 2, ""optimizer"": ""adam"", ""params"": 737665, ""seed"": 42, ""standardize"": ""none (prepare_series already cleans the text)"", ""train_rmse_at_best_epoch"": 0.6196, ""train_seconds"": 13.3, ""units"": 64}",Larger word vectors: do richer word representations help?,0.58975,"A larger embedding does not help and trains no better than the baseline, suggesting 64 dimensions already gives the embedding layer enough room for this vocabulary.",Python 3.13.14; numpy 2.5.3; pandas 3.0.6; scikit-learn 1.9.1; tensorflow 2.21.0; keras 3.15.1; GPU NVIDIA GeForce RTX 3060 Laptop GPU
rnn-06,2026-09-29,Honourgod Kilechukwu Levison,rnn,Embedding -> SimpleRNN -> Dense(1) with linear output (Keras),"TextVectorization token IDs (no standardization, split on whitespace): vocabulary 5666, max_len 28, end-padded and masked",shared splits/train_ids.csv + splits/validation_ids.csv,prepare_series() from src/preprocess.py: the shared cleaning chosen in notebook 01 from the EDA,"{""batch_size"": 64, ""best_epoch"": 1, ""dropout"": 0.2, ""early_stopping"": ""val_loss on the shared validation set, patience 3, best weights restored"", ""embedding_dim"": 64, ""epochs_run"": 4, ""learning_rate"": 0.001, ""loss"": ""mse"", ""max_epochs"": 30, ""max_len"": 28, ""max_tokens"": 5666, ""min_count"": 2, ""optimizer"": ""adam"", ""params"": 365761, ""seed"": 42, ""standardize"": ""none (prepare_series already cleans the text)"", ""train_rmse_at_best_epoch"": 0.6223, ""train_seconds"": 10.5, ""units"": 32}",Smaller hidden state: is 64 units more memory than short tweets need?,0.591986,"A smaller hidden state is slightly worse than the baseline, so 64 units is not obviously more capacity than the task needs.",Python 3.13.14; numpy 2.5.3; pandas 3.0.6; scikit-learn 1.9.1; tensorflow 2.21.0; keras 3.15.1; GPU NVIDIA GeForce RTX 3060 Laptop GPU
rnn-07,2026-09-29,Honourgod Kilechukwu Levison,rnn,Embedding -> SimpleRNN -> Dense(1) with linear output (Keras),"TextVectorization token IDs (no standardization, split on whitespace): vocabulary 5666, max_len 28, end-padded and masked",shared splits/train_ids.csv + splits/validation_ids.csv,prepare_series() from src/preprocess.py: the shared cleaning chosen in notebook 01 from the EDA,"{""batch_size"": 64, ""best_epoch"": 2, ""dropout"": 0.2, ""early_stopping"": ""val_loss on the shared validation set, patience 3, best weights restored"", ""embedding_dim"": 64, ""epochs_run"": 5, ""learning_rate"": 0.001, ""loss"": ""mse"", ""max_epochs"": 30, ""max_len"": 28, ""max_tokens"": 5666, ""min_count"": 2, ""optimizer"": ""adam"", ""params"": 387457, ""seed"": 42, ""standardize"": ""none (prepare_series already cleans the text)"", ""train_rmse_at_best_epoch"": 0.5157, ""train_seconds"": 13.5, ""units"": 128}",Larger hidden state: does more capacity to carry context help?,0.598769,"A larger hidden state reaches a much lower training RMSE (0.5157) than the baseline (0.6264) but a worse validation RMSE, a clear sign of overfitting once more capacity is available.",Python 3.13.14; numpy 2.5.3; pandas 3.0.6; scikit-learn 1.9.1; tensorflow 2.21.0; keras 3.15.1; GPU NVIDIA GeForce RTX 3060 Laptop GPU
rnn-08,2026-09-29,Honourgod Kilechukwu Levison,rnn,Embedding -> SimpleRNN -> Dense(1) with linear output (Keras),"TextVectorization token IDs (no standardization, split on whitespace): vocabulary 5666, max_len 28, end-padded and masked",shared splits/train_ids.csv + splits/validation_ids.csv,prepare_series() from src/preprocess.py: the shared cleaning chosen in notebook 01 from the EDA,"{""batch_size"": 64, ""best_epoch"": 1, ""dropout"": 0.0, ""early_stopping"": ""val_loss on the shared validation set, patience 3, best weights restored"", ""embedding_dim"": 64, ""epochs_run"": 4, ""learning_rate"": 0.001, ""loss"": ""mse"", ""max_epochs"": 30, ""max_len"": 28, ""max_tokens"": 5666, ""min_count"": 2, ""optimizer"": ""adam"", ""params"": 370945, ""seed"": 42, ""standardize"": ""none (prepare_series already cleans the text)"", ""train_rmse_at_best_epoch"": 0.6214, ""train_seconds"": 9.9, ""units"": 64}",No dropout: is extra regularisation needed when early stopping is already used?,0.593406,"Removing dropout entirely is worse than the baseline, so some regularisation still helps even with early stopping active.",Python 3.13.14; numpy 2.5.3; pandas 3.0.6; scikit-learn 1.9.1; tensorflow 2.21.0; keras 3.15.1; GPU NVIDIA GeForce RTX 3060 Laptop GPU
rnn-09,2026-09-29,Honourgod Kilechukwu Levison,rnn,Embedding -> SimpleRNN -> Dense(1) with linear output (Keras),"TextVectorization token IDs (no standardization, split on whitespace): vocabulary 5666, max_len 28, end-padded and masked",shared splits/train_ids.csv + splits/validation_ids.csv,prepare_series() from src/preprocess.py: the shared cleaning chosen in notebook 01 from the EDA,"{""batch_size"": 64, ""best_epoch"": 1, ""dropout"": 0.4, ""early_stopping"": ""val_loss on the shared validation set, patience 3, best weights restored"", ""embedding_dim"": 64, ""epochs_run"": 4, ""learning_rate"": 0.001, ""loss"": ""mse"", ""max_epochs"": 30, ""max_len"": 28, ""max_tokens"": 5666, ""min_count"": 2, ""optimizer"": ""adam"", ""params"": 370945, ""seed"": 42, ""standardize"": ""none (prepare_series already cleans the text)"", ""train_rmse_at_best_epoch"": 0.6318, ""train_seconds"": 9.8, ""units"": 64}",Stronger dropout: does more regularisation reduce overfitting?,0.587591,"Stronger dropout scores close to the baseline, within NOISE, so the exact dropout rate in this range matters little on its own.",Python 3.13.14; numpy 2.5.3; pandas 3.0.6; scikit-learn 1.9.1; tensorflow 2.21.0; keras 3.15.1; GPU NVIDIA GeForce RTX 3060 Laptop GPU
rnn-10,2026-09-29,Honourgod Kilechukwu Levison,rnn,Embedding -> SimpleRNN -> Dense(1) with linear output (Keras),"TextVectorization token IDs (no standardization, split on whitespace): vocabulary 5666, max_len 28, end-padded and masked",shared splits/train_ids.csv + splits/validation_ids.csv,prepare_series() from src/preprocess.py: the shared cleaning chosen in notebook 01 from the EDA,"{""batch_size"": 64, ""best_epoch"": 2, ""dropout"": 0.2, ""early_stopping"": ""val_loss on the shared validation set, patience 3, best weights restored"", ""embedding_dim"": 64, ""epochs_run"": 5, ""learning_rate"": 0.0003, ""loss"": ""mse"", ""max_epochs"": 30, ""max_len"": 28, ""max_tokens"": 5666, ""min_count"": 2, ""optimizer"": ""adam"", ""params"": 370945, ""seed"": 42, ""standardize"": ""none (prepare_series already cleans the text)"", ""train_rmse_at_best_epoch"": 0.5712, ""train_seconds"": 11.7, ""units"": 64}",Lower learning rate: slower but steadier optimisation.,0.595754,A lower learning rate trains for two epochs instead of one but still lands on a worse validation RMSE than the baseline's single epoch.,Python 3.13.14; numpy 2.5.3; pandas 3.0.6; scikit-learn 1.9.1; tensorflow 2.21.0; keras 3.15.1; GPU NVIDIA GeForce RTX 3060 Laptop GPU
rnn-11,2026-09-29,Honourgod Kilechukwu Levison,rnn,Embedding -> SimpleRNN -> Dense(1) with linear output (Keras),"TextVectorization token IDs (no standardization, split on whitespace): vocabulary 5666, max_len 28, end-padded and masked",shared splits/train_ids.csv + splits/validation_ids.csv,prepare_series() from src/preprocess.py: the shared cleaning chosen in notebook 01 from the EDA,"{""batch_size"": 64, ""best_epoch"": 2, ""dropout"": 0.2, ""early_stopping"": ""val_loss on the shared validation set, patience 3, best weights restored"", ""embedding_dim"": 64, ""epochs_run"": 5, ""learning_rate"": 0.003, ""loss"": ""mse"", ""max_epochs"": 30, ""max_len"": 28, ""max_tokens"": 5666, ""min_count"": 2, ""optimizer"": ""adam"", ""params"": 370945, ""seed"": 42, ""standardize"": ""none (prepare_series already cleans the text)"", ""train_rmse_at_best_epoch"": 0.4905, ""train_seconds"": 11.8, ""units"": 64}","Higher learning rate: faster convergence, with a risk of overshooting.",0.612268,"A higher learning rate gives the lowest training RMSE of any round-1 run (0.4905) but the worst validation RMSE, the clearest sign of overshooting in the whole grid.",Python 3.13.14; numpy 2.5.3; pandas 3.0.6; scikit-learn 1.9.1; tensorflow 2.21.0; keras 3.15.1; GPU NVIDIA GeForce RTX 3060 Laptop GPU
rnn-12,2026-09-29,Honourgod Kilechukwu Levison,rnn,Embedding -> SimpleRNN -> Dense(1) with linear output (Keras),"TextVectorization token IDs (no standardization, split on whitespace): vocabulary 5666, max_len 28, end-padded and masked",shared splits/train_ids.csv + splits/validation_ids.csv,prepare_series() from src/preprocess.py: the shared cleaning chosen in notebook 01 from the EDA,"{""batch_size"": 64, ""best_epoch"": 1, ""dropout"": 0.2, ""early_stopping"": ""val_loss on the shared validation set, patience 3, best weights restored"", ""embedding_dim"": 64, ""epochs_run"": 4, ""learning_rate"": 0.001, ""loss"": ""mse"", ""max_epochs"": 30, ""max_len"": 28, ""max_tokens"": 5666, ""min_count"": 2, ""optimizer"": ""adam"", ""params"": 370945, ""seed"": 43, ""standardize"": ""none (prepare_series already cleans the text)"", ""train_rmse_at_best_epoch"": 0.622, ""train_seconds"": 10.0, ""units"": 64}",Noise check: the baseline with seed 43.,0.588761,"Baseline retrained with seed 43, used together with rnn-01 and rnn-13 to measure how much validation RMSE moves by chance alone.",Python 3.13.14; numpy 2.5.3; pandas 3.0.6; scikit-learn 1.9.1; tensorflow 2.21.0; keras 3.15.1; GPU NVIDIA GeForce RTX 3060 Laptop GPU
rnn-13,2026-09-29,Honourgod Kilechukwu Levison,rnn,Embedding -> SimpleRNN -> Dense(1) with linear output (Keras),"TextVectorization token IDs (no standardization, split on whitespace): vocabulary 5666, max_len 28, end-padded and masked",shared splits/train_ids.csv + splits/validation_ids.csv,prepare_series() from src/preprocess.py: the shared cleaning chosen in notebook 01 from the EDA,"{""batch_size"": 64, ""best_epoch"": 1, ""dropout"": 0.2, ""early_stopping"": ""val_loss on the shared validation set, patience 3, best weights restored"", ""embedding_dim"": 64, ""epochs_run"": 4, ""learning_rate"": 0.001, ""loss"": ""mse"", ""max_epochs"": 30, ""max_len"": 28, ""max_tokens"": 5666, ""min_count"": 2, ""optimizer"": ""adam"", ""params"": 370945, ""seed"": 44, ""standardize"": ""none (prepare_series already cleans the text)"", ""train_rmse_at_best_epoch"": 0.6223, ""train_seconds"": 11.1, ""units"": 64}",Noise check: the baseline with seed 44.,0.590619,"Baseline retrained with seed 44; together with rnn-01 and rnn-12 this gives NOISE = 0.0029, the threshold used to judge every round-1 change.",Python 3.13.14; numpy 2.5.3; pandas 3.0.6; scikit-learn 1.9.1; tensorflow 2.21.0; keras 3.15.1; GPU NVIDIA GeForce RTX 3060 Laptop GPU
rnn-15,2026-09-29,Honourgod Kilechukwu Levison,rnn,Embedding -> SimpleRNN -> Dense(1) with linear output (Keras),"TextVectorization token IDs (no standardization, split on whitespace): vocabulary 5666, max_len 28, end-padded and masked",shared splits/train_ids.csv + splits/validation_ids.csv,prepare_series() from src/preprocess.py: the shared cleaning chosen in notebook 01 from the EDA,"{""batch_size"": 64, ""best_epoch"": 2, ""dropout"": 0.2, ""early_stopping"": ""val_loss on the shared validation set, patience 3, best weights restored"", ""embedding_dim"": 32, ""epochs_run"": 5, ""learning_rate"": 0.001, ""loss"": ""mse"", ""max_epochs"": 30, ""max_len"": 28, ""max_tokens"": 5666, ""min_count"": 2, ""optimizer"": ""adam"", ""params"": 187585, ""seed"": 43, ""standardize"": ""none (prepare_series already cleans the text)"", ""train_rmse_at_best_epoch"": 0.514, ""train_seconds"": 11.3, ""units"": 64}",Seed check: the final configuration (rnn-04) with seed 43.,0.587762,"Final configuration retrained with seed 43, close to its seed-42 score and confirming the choice is not a one-seed fluke.",Python 3.13.14; numpy 2.5.3; pandas 3.0.6; scikit-learn 1.9.1; tensorflow 2.21.0; keras 3.15.1; GPU NVIDIA GeForce RTX 3060 Laptop GPU
rnn-16,2026-09-29,Honourgod Kilechukwu Levison,rnn,Embedding -> SimpleRNN -> Dense(1) with linear output (Keras),"TextVectorization token IDs (no standardization, split on whitespace): vocabulary 5666, max_len 28, end-padded and masked",shared splits/train_ids.csv + splits/validation_ids.csv,prepare_series() from src/preprocess.py: the shared cleaning chosen in notebook 01 from the EDA,"{""batch_size"": 64, ""best_epoch"": 1, ""dropout"": 0.2, ""early_stopping"": ""val_loss on the shared validation set, patience 3, best weights restored"", ""embedding_dim"": 32, ""epochs_run"": 4, ""learning_rate"": 0.001, ""loss"": ""mse"", ""max_epochs"": 30, ""max_len"": 28, ""max_tokens"": 5666, ""min_count"": 2, ""optimizer"": ""adam"", ""params"": 187585, ""seed"": 44, ""standardize"": ""none (prepare_series already cleans the text)"", ""train_rmse_at_best_epoch"": 0.624, ""train_seconds"": 10.6, ""units"": 64}",Seed check: the final configuration (rnn-04) with seed 44.,0.5897,"Final configuration retrained with seed 44; across all three seeds the mean is 0.5876, only marginally better than the baseline's 0.5886.",Python 3.13.14; numpy 2.5.3; pandas 3.0.6; scikit-learn 1.9.1; tensorflow 2.21.0; keras 3.15.1; GPU NVIDIA GeForce RTX 3060 Laptop GPU
